userId|userName
1|007solotraveler
2|0BKI0
3|10179k79
4|124_10
5|12ReasonsWhy
6|14beacon
7|150NightsPerYear
8|1771
9|186402Sarah1984
10|1969ws
11|1975mark
12|19822011
13|1984travel
14|19Cam
15|19katy80
16|1Angie
17|1KathrynK
18|1ManhattanBeach
19|1NicePerson
20|1VAnurse
21|1Vegas2008
22|1happygolucky
23|1oldseagull
24|2000AtlanticGT
25|2008travellover
26|2011ChgoWanderer
27|2093
28|209967Jenny
29|2156Michael
30|23betty
31|23stationroad
32|243345
33|25YearsAbroad
34|29grapes
35|2CachePirates
36|2FoodJunkies
37|2Travelers2go
38|2jbsdad
39|2tampuh2
40|2teeth
41|2toots
42|30Brooklyn50
43|312Seaton
44|32369Terry
45|3kidsmama
46|3love2travel3
47|4038
48|422
49|45Jen
50|4959keeton
51|4alive
52|4bigdogsCalgary
53|5264
54|5474C
55|54Penny
56|5Tim5
57|5herry
58|5hreek
59|5x24
60|604tinkoo
61|6079max
62|678855
63|6dogs
64|74gremlin
65|77pearl
66|7ContinentsX
67|801Milles
68|808Couple
69|9jajet
70|A.Brouwer
71|A2Mich_Traveler
72|AA7482
73|AA75
74|AACC777
75|AAM17
76|AANetherlands
77|ABCDEFG_1234
78|ABitSpoiled
79|ABrotmann
80|AD09
81|AFMom06
82|AFamilyYorkshire
83|AGRTraveler
84|AGirlInVermont
85|AHM
86|AJ002
87|AJBoston5996
88|AJC22
89|AJJean
90|AJW123
91|AJtripper
92|ALLIGATOR9
93|ALP86
94|ALadyDragon
95|ALiEN2108
96|AM__26__AP
97|ANCY65441
98|APBPennsylvania
99|AQMRN
100|ARKJ14
101|ARugby
102|ASK_THE_LEYLANDS
103|ASN1972
104|ASWh
105|ATCMC
106|ATJLancsUK
107|ATP1
108|AURACE
109|AUandUKcitizen
110|AVSENT
111|AV_Surrey
112|AZSoonerOrLater
113|AZStaish
114|A_Florida_Traveler
115|AashishSharma
116|Abc123XYZ3
117|AbhishekBagri
118|Abigailadamsn00
119|Acatchyscreenname
120|AceTexas
121|AcerLeeds
122|Activetravell3r
123|AcuV
124|Ad_Guy_Ed
125|Adam20191
126|AdamVancouver_BC
127|AdarshP
128|AdelaideNev
129|AdiPanait
130|AdityaNewDelhi
131|AdrianandLoretta
132|Adventure2009
133|Advisor1803
134|Aelwyn
135|AffairsinMiami
136|AfricanHeather
137|Agent9
138|AggieAbroad
139|AhNOUR
140|AhmetD
141|Aidasas
142|Ainom
143|Airpudin
144|Aives
145|Akis1966
146|Akramdash
147|AlNic
148|AlabamaTraveler0
149|AlaninVirginia
150|Alanis628
151|Alasunk
152|Albela_Musafir
153|AlbertasHome
154|Albuq1
155|Albymorkel
156|Alchemy1200
157|Alessandragerard
158|AlexUkie
159|AlexandrP
160|Alexandriciul
161|Alfanumeric
162|Alfapair
163|AliDUk
164|Alicanteman
165|AliceBlue-Chicago
166|AliceMadera_CA
167|Alice_W85
168|Alison186470
169|AlisonandBill
170|Alkeshmehta
171|AllyBee43
172|AllyandBill
173|Almousa
174|Aloushka
175|Altaskibum
176|Alverson
177|AlvinTSingapore
178|Alxon
179|Alycidon
180|AlysonSP
181|Aman-India
182|Amarone61
183|Amaryllis2011
184|Amber9
185|Americk
186|Amerisam
187|Amesthyite
188|Amigolovelyhair
189|AmoreBella
190|AmyKinPhX
191|AmyL55
192|Amyksholiday
193|Ana005
194|AnaS1
195|Analisa
196|AnarKhaos
197|Anarusso01
198|Andariego
199|AndiJ_AJ
200|Andrea13
201|Andrea63
202|Andrey_Buzin
203|Andriegel
204|AndyCatChilliwack
205|AndyChiara
206|AndyOEastYorkshire
207|Andy_from_Oz
208|Andysa59
209|Anecdotal
210|Angel84India
211|AngelFishLush
212|Angela075
213|Angela1702
214|AngelaBax
215|AngelaDickens
216|AngelenePenguin
217|Angelschild
218|Angey
219|AngloIrishRover
220|AngusAsh
221|Anna1834
222|AnnaC23
223|AnnaL_10
224|AnnaNorlander
225|AnnaToni
226|Anna_Shaws_Holidays
227|Anne154
228|Anneks
229|Annette7256
230|AnnieB08
231|AnnieGee_11
232|AnnieHEngland
233|AnnieW69
234|AnniiL
235|Anon4444
236|Anon_Contributor
237|AnotherNIteOnTheRoad
238|Anrmd
239|AnshumanGoyal
240|Antoinette78
241|Antonius-Pax
242|Antsy280
243|AnupMehta
244|Aprile_24
245|Aquaplsh
246|Aquarian_Mermaid
247|AradhanaVerma
248|Arandale
249|Archerandchewy
250|ArcheryFamily-NJ
251|Arilh
252|Arlette004
253|Armymed
254|ArnaudLondon75
255|Arnie_MD
256|ArtRussianMom
257|Arthur010
258|ArthurCBirmingham
259|AryanaToronto
260|AsexualSydney
261|Ashiyadudeman
262|AshleyDCandBrussels
263|AskPranav
264|AskingForHelp
265|AspiringFoodie
266|AsquareIU
267|AstonUk
268|Astra29
269|Astrid72
270|Atena
271|Atl30309
272|Atlanta_Ga_Doorman
273|AtoZHouston
274|AtomicTraveller
275|AttitudeAdjuster
276|Audi268
277|Auli51
278|AusBeagle
279|AusTravellerSydney
280|AusTripPlanner
281|AusfamItaly
282|Aussie067
283|AussieTraveller1983
284|Aussie_Andrew
285|Aussie_travellers201
286|Aussienando
287|Aussiepilot
288|Aussieseurosummer
289|AustenWodehouse
290|AustinBeach001
291|Austinguytexas
292|Ausyuppy
293|Avatar07
294|Averbuch
295|Avinash_b11
296|Avishai625
297|AvniBaroda
298|AvocadoInParadise
299|Avsecken
300|AwSnowboarder
301|AwakenTampa
302|Awful_Kgp
303|Awkward_Veggie
304|AyannaFlorida
305|AyeletH
306|Aylab
307|AyrshireBacon
308|Ayrshirelinz
309|Azmi-Travel
310|AznArt
311|B-Abroad
312|B0F
313|BAJB
314|BAMMOSWIFE
315|BBunbun
316|BCLions123
317|BC_Eagle_JD
318|BCtraveler44
319|BDL999
320|BE-Pieter
321|BENtraveln
322|BEYLHR
323|BHappynow
324|BHayes55
325|BIBGNottingham
326|BJC84
327|BJD081311
328|BLinFlorence
329|BMBeer
330|BMWM5Driver
331|BMWilliams1982
332|BReade81
333|BSAP
334|BSFTL
335|BTH1
336|BTT
337|B_Pope
338|Babs065
339|BabsLimerick_Ireland
340|Back_to_Sandringham
341|Backfixer
342|Badgerhound
343|Badgerjim
344|Badlydrawngirl
345|Bafio
346|BaggageAllowance
347|Baidoo
348|Baker07
349|Baldvin_and_Grace
350|BambangKaro
351|BandiB
352|Bangkokexpat
353|Bappa_Mumbai
354|Barb228
355|BarbM2015
356|Barbara48
357|Barbie892
358|BarefootReviewer
359|Bariloche-61
360|Barmag
361|Barnaby_Jones
362|Barney2009
363|BaronVonNick
364|BarryBethal
365|BarryC2010
366|Basics100
367|Battota_AA
368|Baxman
369|Bazzer73
370|BeATraveler
371|BeHappy001
372|BeLLaJade
373|BeMySamaritan
374|Beach-n-Scuba
375|Beaches2626
376|Beans_puka_shell
377|BeansterIreland
378|Bear_Eskimo
379|Bearable1
380|Bearded_Beast
381|BeatriceNY
382|Beaverlea_10
383|BecSutb
384|BeckyCooper
385|Becsupierz
386|Bee833
387|Beeffinder
388|BeingGreen
389|BeingUs
390|Bel1
391|Bel20
392|BelDan23
393|Belgian
394|Belgian_EU
395|Belle2375
396|BellsHollow
397|Benjamin_S
398|BennyDoran
399|BergenRoy
400|Bergern
401|BermyBye
402|BertDC
403|Bertaccone
404|Bertrand_FRA
405|Bertybign
406|Betabloke
407|Bethelpeeps
408|Betsyat240
409|BettyB000_10
410|Beverley29
411|Bicky2
412|BienVago
413|BigBlueOcean7
414|BigCanadianFamily
415|BigRuss1213
416|Bigdaddi0
417|Bignbeefy
418|Bigredbard
419|Bijouxmama
420|Bildo
421|Bill_Fareham
422|BillsMaryland
423|BinDereDoneDat
424|Bingenheimer
425|Bingley1
426|BinsSingapore
427|Bird-Bird-Blogger
428|Birdbrain72
429|Birdmombjk
430|Birdyc3
431|BirminghamJollyBoy
432|BirminghamLola
433|BishopORyan
434|BitteWesterlund
435|BizLeisureFred
436|BizLisTrotter
437|Biz_Traveller008
438|BizzyLizzy1
439|Bjod
440|Bjorn61
441|BlackburnRovers4
442|BlackpoolTourist
443|Blairz
444|Blakely69
445|Blaze14
446|Blerke
447|BlindNinja
448|Blitchy
449|BlockIslandgirl831
450|Blue_Norseman
451|Bluechip78
452|BluesTraveler75
453|Blueyedworldtraveler
454|Blurgeshmurg
455|Bmthlad35
456|Bob1949
457|BobDong
458|BobHarvey
459|BobSanJuan
460|BobWritesAReview
461|Bob_the_Aussie
462|BobbyGAus
463|BobbyNL
464|Boccato
465|Bockman
466|Bodelicious
467|Bohemia123
468|Boilers0809
469|BoldlyGO
470|Bollinge
471|Bolotet
472|Bon_voyage79
473|Bonbon1399
474|Bondsammax
475|Bongo_Craigy
476|Bonnotgirl
477|Bonnyblink
478|BooTerp02
479|Bookend48
480|Bookflyer
481|BorderRambler
482|Boristhebold
483|Boroko
484|BostonRico
485|Botticelligirl
486|Bouff
487|Bowtell
488|Bozz56
489|BradandJanet
490|Bradstir
491|BrananMike
492|BrasilRoma
493|Brass612
494|Brazil_Fan1
495|Breamo
496|BrendaBaltimore
497|Brenmeryl
498|Brenrick
499|Brian5900
500|Brian72
501|BrianChiu
502|Brianbiz555
503|Bribear
504|Brightrob
505|Briman111
506|Brinoabroad
507|BrisbaneMegan
508|Bristo
509|Britannic
510|Briteyes
511|BritishAsianfamily
512|Britsabroad2010
513|BrlDsguise
514|BronwenL
515|Bronz01
516|Brooke77
517|BrooklynRider
518|BrownStreet
519|Bruce-Two
520|Bruinsmith
521|Brunlea
522|Bruno80799
523|BrutalNick
524|Bubblebooo
525|Bubsta
526|Buckeye582
527|BuddyMalloy
528|BuddyPUSA
529|Budfisher
530|Buff_G
531|Buffy24
532|Bumbi17
533|Bunnydots
534|Buquing
535|Burgeoning_traveller
536|Burnleyguy
537|BusinessTraveller019
538|Busterkitty
539|BusyTrveller
540|Busylady56
541|Button_382
542|C-Stop
543|CA*PastryChef
544|CAGirl411
545|CAHeadHunter
546|CAMoraga_Family
547|CAR50
548|CAWWales
549|CAZZA0611
550|CAblossom
551|CBT_11
552|CB_Aberdeen
553|CBacha
554|CBond2875
555|CC161
556|CCC1000
557|CEO85
558|CFCamden
559|CFFour
560|CHINMAYVASAI
561|CHM1
562|CJCPHXAZ
563|CJH1
564|CJIMI
565|CJKITTEN
566|CJKatl
567|CJTravelerTexas
568|CJohannessen
569|CJwellsy
570|CLVan78
571|CMC777
572|CNam
573|COCOFromOttawa
574|COguy
575|CPAALP
576|CRobDerbyshire
577|CTA76
578|CTBCalifornia
579|CTSunseeker
580|CTwydale
581|CZGreenlee
582|CaAz-JT
583|CaffTwo
584|Caiybpf
585|CalCountryView
586|CalalilyD
587|Calbarry
588|CaliGirl521
589|CaliLover05
590|Calibrator
591|California9
592|CaliforniaDaveS
593|Calnev
594|CambridgeDon
595|CameliaMumbai
596|Camilla_Kim
597|Cammi9
598|Campanellis
599|Campaspediva
600|Campbie
601|CanadaMatt
602|Canadagrrl
603|CanadianinMadrid
604|CanberraJenny
605|Canboy
606|Canoe4770
607|Canuckle007
608|Caomhinstravels
609|CapeTown78
610|CapeTownmaggie
611|Capodicapi2
612|CaptBill64
613|CaptainD4
614|Captain_DaveMontreal
615|CarKri02
616|Cared200
617|Carl_Pressman
618|Carltona
619|Carol34859
620|Carol__26__Kevin
621|CarolinainDallas
622|CarolineMcMuffin
623|CarolynAnnM
624|CarolynLeanne
625|Carrgirl42
626|CarrieAndy
627|CarrigeenYorkshire
628|CarstenThue
629|Cary101
630|CasaRoscoe
631|Casey26
632|Cashmra
633|Caspiano
634|Cassiopeia1
635|CateWithASea
636|CathP
637|Catherinelovesmiami
638|CathyOhio
639|Catty140
640|Causette1
641|CavanJet
642|Caximba
643|Caymantraveller65
644|CazRob
645|Celeste598
646|Cestovatel_W
647|ChaletLaGiettaz
648|ChampagneDoberman
649|ChampagneLiverpool
650|Champcar
651|Chanika
652|Charcar
653|Charlemaine
654|CharlesDP
655|Charles_Orleans
656|Charlesgate
657|CharlieYM
658|Charliegirl211
659|ChatVoyageur
660|Chats2092
661|Cheapestmanalive
662|CheersTC
663|CheersTravelGuy
664|Cheeser_9
665|Cheledonna
666|Chellis74
667|Chelsea-v-Inter
668|CheltenhamCheltenham
669|Cher_T
670|CherlyLondon
671|CherrySlurpees
672|CherylABQ
673|CheshireDesire
674|CheshireMatt
675|CheshireRexxie
676|ChesterMitch
677|Cheyanne83
678|ChezmossAustralia
679|Chica_and_Chico
680|ChicagoBizDude
681|ChicagoChik77
682|ChicagoFamily2010
683|ChicagoLondon
684|Chicagotraveler83
685|Chickietravel
686|Chiefette1970
687|Chilla
688|Chiller2k9
689|Chillipeppa
690|Chilly2525
691|Chipotlequeen
692|ChloeTeah
693|Cholako
694|Chompie
695|Chris020
696|Chris1978
697|Chris295424
698|ChrisCalGal
699|ChrisCork_Ireland
700|ChrisCymru
701|ChrisG1956
702|ChrisLondon_UK
703|ChrisNCL
704|ChrisT1962
705|Chris_Battersea
706|Chris_Jetten
707|Chris_Sandeman
708|ChrisandCarlos
709|ChrissyHny
710|ChristinaF
711|Christina_Poursain
712|Christofofofof
713|Chuck1001
714|Chunkymicky
715|CincinnatiSly
716|Cincygrl67
717|CindyAult07
718|Cinghio
719|CiteCR
720|CityLoverWales
721|Citybreaks39
722|ClaesMartin
723|ClaireUK87
724|ClareKEssex
725|Clareinsguy
726|Clarey71
727|ClarkCreek
728|ClayDublin
729|ClemFR
730|Clement
731|Cleopatra03
732|CliffWalker
733|ClintonJ1
734|ClooneyFan
735|ClovaTheWestie
736|CocoSianElle
737|Coe-8
738|ColMoscow
739|Colatown
740|Cole17
741|ColetteAndJim
742|ColinRAtlanta
743|ColleenNigel
744|Competency
745|ConatserFamily
746|Conk99
747|Consigliere
748|ConstantTraveller74
749|ContingencyPlan
750|CooperAlex
751|Corb2000
752|Corbrunner
753|Corey87
754|CorkBuckley
755|CorkeyWilson
756|CornwallDancer11
757|Corpito
758|Cortecera
759|CostantTraveller
760|Countrygirlplus3
761|Courtesy_Flush
762|Couscous4
763|CowTails
764|Crackin-Toast
765|Craig8246
766|CraigB1970
767|CraigH3
768|Craigy
769|Cramz
770|Crispymaster
771|Crouchinho
772|Crumpet2009
773|Cryjam
774|Crystal2161
775|Cthusky322
776|Ctrigg1
777|CubsFan3113
778|CubsFanMichigan
779|Cuiabano
780|CupcakeCaz
781|Curious_journey
782|CurlySarah
783|Cuttingblade
784|CymroDyserth
785|Cymrobach
786|CyndersLovesToTravel
787|Cynicor
788|Cyril1
789|D0cBr0wn
790|DAISYBOO17
791|DBSA42
792|DC20something
793|DCBiztraveler
794|DCBob
795|DCLW
796|DCMontreal
797|DCS2009
798|DCTerry
799|DCreelman
800|DD31
801|DEEPBaroda
802|DGregory1
803|DJChud
804|DJH-in-Austin
805|DJNYC212
806|DJTOBY
807|DKrauter
808|DLagent
809|DMcCHarrogate
810|DNemo
811|DRDerbyshire
812|DRNS-London
813|DRoachBlackRock
814|DRuben1330
815|DSR31
816|DW00d
817|DWJK
818|D_and_LWales_UK
819|DadRob
820|DadTravels
821|Daffodils52
822|Dafyda
823|DagneyT
824|DaisyCat27
825|DaisyFred
826|DallasChris
827|Dam-Slo
828|DamienOfSydney
829|Dan1113
830|DanEngland
831|DandMtraveling
832|Danglebone
833|DaniLK
834|DanielleButton
835|DannoE
836|DapaNewcastleEngland
837|Daphne8100
838|DarienM
839|DarlingtonWatsons
840|Darlox
841|DarthPaulo
842|Dave504076
843|DaveJC
844|DaveTRFC
845|DaveW62
846|DavefromJersey
847|Daveo_1978
848|Davepuddy
849|Davethedogg
850|DaveyJA
851|David186336
852|DavidCF36
853|DavidCarr404
854|DavidPortland
855|DavidfromDorset
856|Davidius
857|Davsion
858|DawgmanOH
859|DawnD57
860|DawnJOhannesburg
861|Dazzer6666
862|Ddilts1
863|DeaconTraveler
864|Deanna12
865|DebRichM
866|Debmor
867|DeboraPN
868|Deborah0008
869|Debs_86
870|Deckwalker
871|Dee-ward
872|Deedotdee
873|Def90
874|DeiseBlue
875|DeliKIZ
876|DelightsInTraveling
877|DeltaAT
878|Dem6806
879|Demoleo
880|Denby
881|Dencroft
882|DennisvdMolen
883|DenverWing
884|Deny_6
885|Derman23
886|Des_Gruntled
887|Desert-dweller_99
888|Desk-Escape-com
889|Destichado
890|DetSam
891|DetroitSunlover
892|DevonSophie25
893|Devon_girls
894|Devsarkar
895|Dharmaboy17
896|Diamondtail
897|DianeChayer
898|DiggerDeals
899|Dimitris_Athens_8
900|DinerFan57
901|DinoN11
902|DirectorJay
903|Disney2007
904|Distrubbed
905|DitaV2
906|Djibuddha
907|DmitryP4
908|DoAsTheLocalsDo
909|Dobson-Shaw
910|DocHappyTom
911|DocSurf
912|Doctor99
913|DoctorFeelgoodDorset
914|Dodson
915|Dogfish60min
916|Dogger70
917|Dohme
918|Doloads
919|Domenicd2000
920|Don5617
921|Donkey37
922|Donstep
923|DontCareAboutName
924|Doobie95
925|Dopanijoso
926|Doratheexplorer41
927|Dorfer
928|DorsetTravelmad
929|DougStevens
930|Dougdog
931|Dougiebear
932|Dr._Bob_4
933|Dr3z
934|DrAndyC
935|DrNostromo
936|DrRingDing
937|DrVikas
938|DrWolf
939|Dr_Muneera
940|Dr_QBatonRouge
941|DragonMelbourne
942|Dramatics
943|Dreaming
944|Dreamtime18
945|Dreemz05
946|DriveRideOrFly
947|Droplet5
948|Drysdale
949|Dsbrown93446
950|Dtona
951|Du13
952|DuRiechstSoGut
953|DublinHank
954|DublinMaire
955|Dubliner24
956|Duece1623
957|Duggars
958|DundeeDaytripper
959|Dunn45
960|Durham2urist
961|Dusan_Laura
962|DutchFlower
963|Dvine1_Cali
964|Dynamite2010
965|Dzinkstet
966|EAM01
967|EBNY_15
968|ECB2010
969|EC_Traveller
970|EEYORETIGGERR
971|EFLMontreal
972|EGANSMIND
973|EMA2010
974|EMTBStation53
975|ERT786
976|ESLteacherNewYork
977|EUTrav
978|Eagle7345
979|EalingExpat
980|Earl_of_Doncaster
981|Earlham99
982|EarlysvilleTraveller
983|EarnyinLA
984|Earsby
985|Earthbound-Traveler
986|EastCoastRoadWarrior
987|Eat-A-Lot
988|Ecube
989|Ed_Grabow
990|Eddie_tangjitsatukij
991|Edel24
992|EdenbridgeGinger
993|Edinburgh3
994|Edith2000
995|Edstr
996|Ek_NZ
997|Eklondon
998|ElGuapo49
999|ElTiante23
1000|ElaineF57
1001|ElaineRadin
1002|Eldik
1003|Electricwireless
1004|ElevenThirty
1005|ElhamValleyMan
1006|ElisaDP
1007|ElizabethBL
1008|ElizabethChester
1009|ElizabethDawn
1010|Ell1etravels
1011|Ella_Parker
1012|ElleSheri
1013|Ellen22
1014|EllicottCity_MDMoose
1015|Elman1952
1016|Elyriatraveler
1017|Em52mar
1018|Emad_Ladonni
1019|EmilyDublin
1020|EmilyWaugh
1021|Emiwillseetheworld11
1022|Emma654321
1023|Emma8630
1024|EmmaBelgium
1025|Empathology
1026|EmptyNestersCT
1027|Emzaro
1028|EnDumEn
1029|Endlesslyrestless
1030|Engangskamerat
1031|England1983
1032|EnglandJa
1033|EnglishKnight2010
1034|EnjoythejourneySA
1035|Ennea
1036|Entente-cordiale
1037|EquineDoc
1038|Equity
1039|EricNYC10023
1040|Erich75
1041|Erinluvsire
1042|ErnestoH
1043|ErstazMatt
1044|Ervaan
1045|Escape23
1046|Escapefromthedesert
1047|Esqbyday
1048|EssexBarnes
1049|Essexfamilyontour
1050|Esskaywe
1051|Esthersnippe
1052|Estrella1302
1053|Etien
1054|Eugene3739
1055|Eurail
1056|Europamonkey
1057|EuropeanPete
1058|EuropeaninAsia
1059|Evangelista
1060|Evanston_Jeff
1061|Eve159
1062|Eve18
1063|Everlong08
1064|EveyBl
1065|Evgenia_87
1066|EvoProudSalopian
1067|ExPatinNica
1068|Explorer1012
1069|ExplorerX9
1070|F14Captain
1071|FBIAgent
1072|FDanvers
1073|FENTON64
1074|FEN_10
1075|FES
1076|FLLtourist
1077|FNguyen
1078|FOSTERSAdelaide
1079|FRANKGERMANYADEL
1080|FSHK
1081|FWG_11
1082|FY1
1083|Fa-HEE-tahs
1084|FabioEKarin
1085|FabulousMom
1086|FabulousTravels
1087|FairTaxBill
1088|FairfaxVaTraveller
1089|FairmindedTraveler
1090|Faithie4
1091|Family1192
1092|FamilyFlight
1093|FamilyTravelJunkkie
1094|Familyman54
1095|Familyof4Scotland
1096|Familytour4
1097|FanMan10
1098|Farnborough
